{
  "ModelName": "X-H2",
  "CameraXSize": 7728,
  "CameraYSize": 5152,
  "PixelSizeX": 3.04,
  "PixelSizeY": 3.04,
  "MaxAdu": 65535,
  "DefaultMinSensitivity": 125,
  "DefaultMaxSensitivity": 12800,
  "DefaultMinExposure": 0.0000055,
  "DefaultMaxExposure": 3600.0,
  "DefaultBulbCapable": true,
  "SdkConstants": {
    "ModeManual": 4353,
    "FocusModeManual": 1,
    "ImageQualityRaw": 1,
    "ImageQualityFine": 2,
    "ImageQualityNormal": 3,
    "ImageQualityRawFine": 4,
    "ImageQualityRawNormal": 5,
    "ImageQualitySuperfine": 6,
    "ImageQualityRawSuperfine": 7
  }
}
