{
  "ModelName": "X-T3",
  "CameraXSize": 6240,
  "CameraYSize": 4160,
  "PixelSizeX": 3.76,
  "PixelSizeY": 3.76,
  "MaxAdu": 65535,
  "DefaultMinSensitivity": 160,
  "DefaultMaxSensitivity": 12800,
  "DefaultMinExposure": 0.00003125,
  "DefaultMaxExposure": 3600.0,
  "DefaultBulbCapable": true,
  "SdkConstants": {
    "ModeManual": 4353,
    "FocusModeManual": 1,
    "ImageQualityRaw": 1,
    "ImageQualityFine": 2,
    "ImageQualityNormal": 3,
    "ImageQualityRawFine": 4,
    "ImageQualityRawNormal": 5,
    "ImageQualitySuperfine": 6,
    "ImageQualityRawSuperfine": 7
  }
}
